,100_episode_avg,episode_score
episode_1,0.0,
episode 1,,0.0
episode_2,0.0,
episode 2,,0.0
episode_3,0.0,
episode 3,,0.0
episode_4,0.0,
episode 4,,0.0
episode_5,0.0,
episode 5,,0.0
episode_6,0.0,
episode 6,,0.0
episode_7,0.0,
episode 7,,0.0
episode_8,0.0,
episode 8,,0.0
episode_9,0.0,
episode 9,,0.0
episode_10,0.0,
episode 10,,0.0
episode_11,0.0,
episode 11,,0.0
episode_12,0.008333333457509676,
episode 12,,0.10000000149011612
episode_13,0.007692307806932009,
episode 13,,0.0
episode_14,0.007142857249294009,
episode 14,,0.0
episode_15,0.013333333532015483,
episode 15,,0.10000000149011612
episode_16,0.012500000186264515,
episode 16,,0.0
episode_17,0.01176470605766072,
episode 17,,0.0
episode_18,0.011111111276679568,
episode 18,,0.0
episode_19,0.01578947391949202,
episode 19,,0.10000000149011612
episode_20,0.020000000298023225,
episode 20,,0.10000000149011612
episode_21,0.019047619331450688,
episode 21,,0.0
episode_22,0.018181818452748386,
episode 22,,0.0
episode_23,0.017391304606976715,
episode 23,,0.0
episode_24,0.016666666915019352,
episode 24,,0.0
episode_25,0.020000000298023225,
episode 25,,0.10000000149011612
episode_26,0.019230769517330024,
episode 26,,0.0
episode_27,0.01851851879446595,
episode 27,,0.0
episode_28,0.017857143123235022,
episode 28,,0.0
episode_29,0.0172413795672614,
episode 29,,0.0
episode_30,0.016666666915019352,
episode 30,,0.0
episode_31,0.016129032498405825,
episode 31,,0.0
episode_32,0.015625000232830644,
episode 32,,0.0
episode_33,0.018181818452748386,
episode 33,,0.10000000149011612
episode_34,0.01764705908649108,
episode 34,,0.0
episode_35,0.017142857398305622,
episode 35,,0.0
episode_36,0.016666666915019352,
episode 36,,0.0
episode_37,0.01891891920083278,
episode 37,,0.10000000149011612
episode_38,0.021052631892656024,
episode 38,,0.10000000149011612
episode_39,0.020512820818485357,
episode 39,,0.0
episode_40,0.020000000298023225,
episode 40,,0.0
episode_41,0.019512195412705585,
episode 41,,0.0
episode_42,0.019047619331450688,
episode 42,,0.0
episode_43,0.018604651440021602,
episode 43,,0.0
episode_44,0.018181818452748386,
episode 44,,0.0
episode_45,0.01777777804268731,
episode 45,,0.0
episode_46,0.017391304606976715,
episode 46,,0.0
episode_47,0.017021276849381466,
episode 47,,0.0
episode_48,0.018750000279396772,
episode 48,,0.10000000149011612
episode_49,0.018367347212470308,
episode 49,,0.0
episode_50,0.018000000268220902,
episode 50,,0.0
episode_51,0.01764705908649108,
episode 51,,0.0
episode_52,0.01730769256559702,
episode 52,,0.0
episode_53,0.016981132328510284,
episode 53,,0.0
episode_54,0.016666666915019352,
episode 54,,0.0
episode_55,0.016363636607473548,
episode 55,,0.0
episode_56,0.01607142881091152,
episode 56,,0.0
episode_57,0.01578947391949202,
episode 57,,0.0
episode_58,0.01551724161053526,
episode 58,,0.0
episode_59,0.015254237515441442,
episode 59,,0.0
episode_60,0.015000000223517418,
episode 60,,0.0
episode_61,0.014754098580508936,
episode 61,,0.0
episode_62,0.014516129248565244,
episode 62,,0.0
episode_63,0.014285714498588018,
episode 63,,0.0
episode_64,0.01406250020954758,
episode 64,,0.0
episode_65,0.013846154052477617,
episode 65,,0.0
episode_66,0.013636363839561289,
episode 66,,0.0
episode_67,0.013432836021060374,
episode 67,,0.0
episode_68,0.01323529431486831,
episode 68,,0.0
episode_69,0.013043478455232538,
episode 69,,0.0
episode_70,0.012857143048729215,
episode 70,,0.0
episode_71,0.012676056526916129,
episode 71,,0.0
episode_72,0.012500000186264515,
episode 72,,0.0
episode_73,0.012328767307000617,
episode 73,,0.0
episode_74,0.013513513714880557,
episode 74,,0.10000000149011612
episode_75,0.013333333532015483,
episode 75,,0.0
episode_76,0.013157894932910016,
episode 76,,0.0
episode_77,0.012987013180534562,
episode 77,,0.0
episode_78,0.012820513011553349,
episode 78,,0.0
episode_79,0.013924050840395915,
episode 79,,0.10000000149011612
episode_80,0.013750000204890967,
episode 80,,0.0
episode_81,0.013580247115941696,
episode 81,,0.0
episode_82,0.01341463434623509,
episode 82,,0.0
episode_83,0.01445783154073968,
episode 83,,0.10000000149011612
episode_84,0.015476190706803686,
episode 84,,0.10000000149011612
episode_85,0.015294117874958936,
episode 85,,0.0
episode_86,0.015116279295017554,
episode 86,,0.0
episode_87,0.014942528958293214,
episode 87,,0.0
episode_88,0.014772727492858063,
episode 88,,0.0
episode_89,0.014606741790691118,
episode 89,,0.0
episode_90,0.014444444659683439,
episode 90,,0.0
episode_91,0.014285714498588018,
episode 91,,0.0
episode_92,0.014130434993168583,
episode 92,,0.0
episode_93,0.013978494831951715,
episode 93,,0.0
episode_94,0.014893617243208784,
episode 94,,0.10000000149011612
episode_95,0.014736842324859218,
episode 95,,0.0
episode_96,0.014583333550641933,
episode 96,,0.0
episode_97,0.014432989905789955,
episode 97,,0.0
episode_98,0.014285714498588018,
episode 98,,0.0
episode_99,0.014141414352137633,
episode 99,,0.0
episode_100,0.014000000208616257,
episode 100,,0.0
episode_101,0.014000000208616257,
episode 101,,0.0
episode_102,0.015000000223517418,
episode 102,,0.10000000149011612
episode_103,0.015000000223517418,
episode 103,,0.0
episode_104,0.015000000223517418,
episode 104,,0.0
episode_105,0.015000000223517418,
episode 105,,0.0
episode_106,0.015000000223517418,
episode 106,,0.0
episode_107,0.01600000023841858,
episode 107,,0.10000000149011612
episode_108,0.01600000023841858,
episode 108,,0.0
episode_109,0.01700000025331974,
episode 109,,0.10000000149011612
episode_110,0.01700000025331974,
episode 110,,0.0
episode_111,0.01700000025331974,
episode 111,,0.0
episode_112,0.01600000023841858,
episode 112,,0.0
episode_113,0.01600000023841858,
episode 113,,0.0
episode_114,0.01600000023841858,
episode 114,,0.0
episode_115,0.015000000223517418,
episode 115,,0.0
episode_116,0.015000000223517418,
episode 116,,0.0
episode_117,0.015000000223517418,
episode 117,,0.0
episode_118,0.015000000223517418,
episode 118,,0.0
episode_119,0.014000000208616257,
episode 119,,0.0
episode_120,0.013000000193715095,
episode 120,,0.0
episode_121,0.013000000193715095,
episode 121,,0.0
episode_122,0.014000000208616257,
episode 122,,0.10000000149011612
episode_123,0.014000000208616257,
episode 123,,0.0
episode_124,0.015000000223517418,
episode 124,,0.10000000149011612
episode_125,0.014000000208616257,
episode 125,,0.0
episode_126,0.014000000208616257,
episode 126,,0.0
episode_127,0.014000000208616257,
episode 127,,0.0
episode_128,0.014000000208616257,
episode 128,,0.0
episode_129,0.014000000208616257,
episode 129,,0.0
episode_130,0.014000000208616257,
episode 130,,0.0
episode_131,0.014000000208616257,
episode 131,,0.0
episode_132,0.014000000208616257,
episode 132,,0.0
episode_133,0.013000000193715095,
episode 133,,0.0
episode_134,0.014000000208616257,
episode 134,,0.10000000149011612
episode_135,0.014000000208616257,
episode 135,,0.0
episode_136,0.014000000208616257,
episode 136,,0.0
episode_137,0.013000000193715095,
episode 137,,0.0
episode_138,0.012000000178813934,
episode 138,,0.0
episode_139,0.012000000178813934,
episode 139,,0.0
episode_140,0.013000000193715095,
episode 140,,0.10000000149011612
episode_141,0.013000000193715095,
episode 141,,0.0
episode_142,0.013000000193715095,
episode 142,,0.0
episode_143,0.013000000193715095,
episode 143,,0.0
episode_144,0.014000000208616257,
episode 144,,0.10000000149011612
episode_145,0.015000000223517418,
episode 145,,0.10000000149011612
episode_146,0.015000000223517418,
episode 146,,0.0
episode_147,0.015000000223517418,
episode 147,,0.0
episode_148,0.014000000208616257,
episode 148,,0.0
episode_149,0.014000000208616257,
episode 149,,0.0
episode_150,0.014000000208616257,
episode 150,,0.0
episode_151,0.014000000208616257,
episode 151,,0.0
episode_152,0.014000000208616257,
episode 152,,0.0
episode_153,0.014000000208616257,
episode 153,,0.0
episode_154,0.014000000208616257,
episode 154,,0.0
episode_155,0.014000000208616257,
episode 155,,0.0
episode_156,0.014000000208616257,
episode 156,,0.0
episode_157,0.014000000208616257,
episode 157,,0.0
episode_158,0.014000000208616257,
episode 158,,0.0
episode_159,0.014000000208616257,
episode 159,,0.0
episode_160,0.014000000208616257,
episode 160,,0.0
episode_161,0.014000000208616257,
episode 161,,0.0
episode_162,0.014000000208616257,
episode 162,,0.0
episode_163,0.014000000208616257,
episode 163,,0.0
episode_164,0.014000000208616257,
episode 164,,0.0
episode_165,0.014000000208616257,
episode 165,,0.0
episode_166,0.014000000208616257,
episode 166,,0.0
episode_167,0.015000000223517418,
episode 167,,0.10000000149011612
episode_168,0.015000000223517418,
episode 168,,0.0
episode_169,0.015000000223517418,
episode 169,,0.0
episode_170,0.015000000223517418,
episode 170,,0.0
episode_171,0.015000000223517418,
episode 171,,0.0
episode_172,0.015000000223517418,
episode 172,,0.0
episode_173,0.015000000223517418,
episode 173,,0.0
episode_174,0.014000000208616257,
episode 174,,0.0
episode_175,0.014000000208616257,
episode 175,,0.0
episode_176,0.015000000223517418,
episode 176,,0.10000000149011612
episode_177,0.015000000223517418,
episode 177,,0.0
episode_178,0.01600000023841858,
episode 178,,0.10000000149011612
episode_179,0.015000000223517418,
episode 179,,0.0
episode_180,0.015000000223517418,
episode 180,,0.0
episode_181,0.015000000223517418,
episode 181,,0.0
episode_182,0.015000000223517418,
episode 182,,0.0
episode_183,0.014000000208616257,
episode 183,,0.0
episode_184,0.013000000193715095,
episode 184,,0.0
episode_185,0.013000000193715095,
episode 185,,0.0
episode_186,0.013000000193715095,
episode 186,,0.0
episode_187,0.013000000193715095,
episode 187,,0.0
episode_188,0.013000000193715095,
episode 188,,0.0
episode_189,0.013000000193715095,
episode 189,,0.0
episode_190,0.013000000193715095,
episode 190,,0.0
episode_191,0.013000000193715095,
episode 191,,0.0
episode_192,0.013000000193715095,
episode 192,,0.0
episode_193,0.013000000193715095,
episode 193,,0.0
episode_194,0.012000000178813934,
episode 194,,0.0
episode_195,0.012000000178813934,
episode 195,,0.0
episode_196,0.012000000178813934,
episode 196,,0.0
episode_197,0.012000000178813934,
episode 197,,0.0
episode_198,0.012000000178813934,
episode 198,,0.0
episode_199,0.012000000178813934,
episode 199,,0.0
episode_200,0.012000000178813934,
episode 200,,0.0
episode_201,0.012000000178813934,
episode 201,,0.0
episode_202,0.011000000163912773,
episode 202,,0.0
episode_203,0.011000000163912773,
episode 203,,0.0
episode_204,0.011000000163912773,
episode 204,,0.0
episode_205,0.011000000163912773,
episode 205,,0.0
episode_206,0.011000000163912773,
episode 206,,0.0
episode_207,0.010000000149011612,
episode 207,,0.0
episode_208,0.010000000149011612,
episode 208,,0.0
episode_209,0.009000000134110451,
episode 209,,0.0
episode_210,0.009000000134110451,
episode 210,,0.0
episode_211,0.009000000134110451,
episode 211,,0.0
episode_212,0.009000000134110451,
episode 212,,0.0
episode_213,0.009000000134110451,
episode 213,,0.0
episode_214,0.009000000134110451,
episode 214,,0.0
episode_215,0.009000000134110451,
episode 215,,0.0
episode_216,0.009000000134110451,
episode 216,,0.0
episode_217,0.009000000134110451,
episode 217,,0.0
episode_218,0.010000000149011612,
episode 218,,0.10000000149011612
episode_219,0.011000000163912773,
episode 219,,0.10000000149011612
episode_220,0.011000000163912773,
episode 220,,0.0
episode_221,0.011000000163912773,
episode 221,,0.0
episode_222,0.010000000149011612,
episode 222,,0.0
episode_223,0.011000000163912773,
episode 223,,0.10000000149011612
episode_224,0.010000000149011612,
episode 224,,0.0
episode_225,0.010000000149011612,
episode 225,,0.0
episode_226,0.010000000149011612,
episode 226,,0.0
episode_227,0.010000000149011612,
episode 227,,0.0
episode_228,0.010000000149011612,
episode 228,,0.0
episode_229,0.010000000149011612,
episode 229,,0.0
episode_230,0.011000000163912773,
episode 230,,0.10000000149011612
episode_231,0.011000000163912773,
episode 231,,0.0
episode_232,0.011000000163912773,
episode 232,,0.0
episode_233,0.011000000163912773,
episode 233,,0.0
episode_234,0.010000000149011612,
episode 234,,0.0
episode_235,0.010000000149011612,
episode 235,,0.0
episode_236,0.010000000149011612,
episode 236,,0.0
episode_237,0.010000000149011612,
episode 237,,0.0
episode_238,0.010000000149011612,
episode 238,,0.0
episode_239,0.010000000149011612,
episode 239,,0.0
episode_240,0.009000000134110451,
episode 240,,0.0
episode_241,0.009000000134110451,
episode 241,,0.0
episode_242,0.009000000134110451,
episode 242,,0.0
episode_243,0.010000000149011612,
episode 243,,0.10000000149011612
episode_244,0.009000000134110451,
episode 244,,0.0
episode_245,0.00800000011920929,
episode 245,,0.0
episode_246,0.00800000011920929,
episode 246,,0.0
episode_247,0.00800000011920929,
episode 247,,0.0
episode_248,0.00800000011920929,
episode 248,,0.0
episode_249,0.00800000011920929,
episode 249,,0.0
episode_250,0.00800000011920929,
episode 250,,0.0
episode_251,0.00800000011920929,
episode 251,,0.0
episode_252,0.00800000011920929,
episode 252,,0.0
episode_253,0.00800000011920929,
episode 253,,0.0
episode_254,0.00800000011920929,
episode 254,,0.0
episode_255,0.00800000011920929,
episode 255,,0.0
episode_256,0.00800000011920929,
episode 256,,0.0
episode_257,0.00800000011920929,
episode 257,,0.0
episode_258,0.00800000011920929,
episode 258,,0.0
episode_259,0.00800000011920929,
episode 259,,0.0
episode_260,0.00800000011920929,
episode 260,,0.0
episode_261,0.00800000011920929,
episode 261,,0.0
episode_262,0.00800000011920929,
episode 262,,0.0
episode_263,0.00800000011920929,
episode 263,,0.0
episode_264,0.00800000011920929,
episode 264,,0.0
episode_265,0.00800000011920929,
episode 265,,0.0
episode_266,0.00800000011920929,
episode 266,,0.0
episode_267,0.007000000104308128,
episode 267,,0.0
episode_268,0.007000000104308128,
episode 268,,0.0
episode_269,0.007000000104308128,
episode 269,,0.0
episode_270,0.007000000104308128,
episode 270,,0.0
episode_271,0.007000000104308128,
episode 271,,0.0
episode_272,0.00800000011920929,
episode 272,,0.10000000149011612
episode_273,0.00800000011920929,
episode 273,,0.0
episode_274,0.009000000134110451,
episode 274,,0.10000000149011612
episode_275,0.009000000134110451,
episode 275,,0.0
episode_276,0.00800000011920929,
episode 276,,0.0
episode_277,0.00800000011920929,
episode 277,,0.0
episode_278,0.007000000104308128,
episode 278,,0.0
episode_279,0.007000000104308128,
episode 279,,0.0
episode_280,0.007000000104308128,
episode 280,,0.0
episode_281,0.00800000011920929,
episode 281,,0.10000000149011612
episode_282,0.00800000011920929,
episode 282,,0.0
episode_283,0.00800000011920929,
episode 283,,0.0
episode_284,0.00800000011920929,
episode 284,,0.0
episode_285,0.00800000011920929,
episode 285,,0.0
episode_286,0.00800000011920929,
episode 286,,0.0
episode_287,0.00800000011920929,
episode 287,,0.0
episode_288,0.00800000011920929,
episode 288,,0.0
episode_289,0.00800000011920929,
episode 289,,0.0
episode_290,0.00800000011920929,
episode 290,,0.0
episode_291,0.00800000011920929,
episode 291,,0.0
episode_292,0.009000000134110451,
episode 292,,0.10000000149011612
episode_293,0.009000000134110451,
episode 293,,0.0
episode_294,0.009000000134110451,
episode 294,,0.0
episode_295,0.009000000134110451,
episode 295,,0.0
episode_296,0.010000000149011612,
episode 296,,0.10000000149011612
episode_297,0.010000000149011612,
episode 297,,0.0
episode_298,0.010000000149011612,
episode 298,,0.0
episode_299,0.010000000149011612,
episode 299,,0.0
episode_300,0.010000000149011612,
episode 300,,0.0
episode_301,0.010000000149011612,
episode 301,,0.0
episode_302,0.010000000149011612,
episode 302,,0.0
episode_303,0.010000000149011612,
episode 303,,0.0
episode_304,0.011000000163912773,
episode 304,,0.10000000149011612
episode_305,0.011000000163912773,
episode 305,,0.0
episode_306,0.011000000163912773,
episode 306,,0.0
episode_307,0.011000000163912773,
episode 307,,0.0
episode_308,0.011000000163912773,
episode 308,,0.0
episode_309,0.011000000163912773,
episode 309,,0.0
episode_310,0.012000000178813934,
episode 310,,0.10000000149011612
episode_311,0.012000000178813934,
episode 311,,0.0
episode_312,0.012000000178813934,
episode 312,,0.0
episode_313,0.012000000178813934,
episode 313,,0.0
episode_314,0.012000000178813934,
episode 314,,0.0
episode_315,0.012000000178813934,
episode 315,,0.0
episode_316,0.012000000178813934,
episode 316,,0.0
episode_317,0.012000000178813934,
episode 317,,0.0
episode_318,0.011000000163912773,
episode 318,,0.0
episode_319,0.011000000163912773,
episode 319,,0.10000000149011612
episode_320,0.011000000163912773,
episode 320,,0.0
episode_321,0.011000000163912773,
episode 321,,0.0
episode_322,0.011000000163912773,
episode 322,,0.0
episode_323,0.010000000149011612,
episode 323,,0.0
episode_324,0.010000000149011612,
episode 324,,0.0
episode_325,0.011000000163912773,
episode 325,,0.10000000149011612
episode_326,0.011000000163912773,
episode 326,,0.0
episode_327,0.011000000163912773,
episode 327,,0.0
episode_328,0.011000000163912773,
episode 328,,0.0
episode_329,0.011000000163912773,
episode 329,,0.0
episode_330,0.010000000149011612,
episode 330,,0.0
episode_331,0.010000000149011612,
episode 331,,0.0
episode_332,0.010000000149011612,
episode 332,,0.0
episode_333,0.011000000163912773,
episode 333,,0.10000000149011612
episode_334,0.011000000163912773,
episode 334,,0.0
episode_335,0.011000000163912773,
episode 335,,0.0
episode_336,0.011000000163912773,
episode 336,,0.0
episode_337,0.011000000163912773,
episode 337,,0.0
episode_338,0.011000000163912773,
episode 338,,0.0
episode_339,0.011000000163912773,
episode 339,,0.0
episode_340,0.011000000163912773,
episode 340,,0.0
episode_341,0.011000000163912773,
episode 341,,0.0
episode_342,0.011000000163912773,
episode 342,,0.0
episode_343,0.010000000149011612,
episode 343,,0.0
episode_344,0.010000000149011612,
episode 344,,0.0
episode_345,0.010000000149011612,
episode 345,,0.0
episode_346,0.011000000163912773,
episode 346,,0.10000000149011612
episode_347,0.012000000178813934,
episode 347,,0.10000000149011612
episode_348,0.012000000178813934,
episode 348,,0.0
episode_349,0.012000000178813934,
episode 349,,0.0
episode_350,0.012000000178813934,
episode 350,,0.0
episode_351,0.012000000178813934,
episode 351,,0.0
episode_352,0.012000000178813934,
episode 352,,0.0
episode_353,0.012000000178813934,
episode 353,,0.0
episode_354,0.012000000178813934,
episode 354,,0.0
episode_355,0.013000000193715095,
episode 355,,0.10000000149011612
episode_356,0.013000000193715095,
episode 356,,0.0
episode_357,0.013000000193715095,
episode 357,,0.0
episode_358,0.013000000193715095,
episode 358,,0.0
episode_359,0.013000000193715095,
episode 359,,0.0
episode_360,0.013000000193715095,
episode 360,,0.0
episode_361,0.013000000193715095,
episode 361,,0.0
episode_362,0.013000000193715095,
episode 362,,0.0
episode_363,0.013000000193715095,
episode 363,,0.0
episode_364,0.013000000193715095,
episode 364,,0.0
episode_365,0.013000000193715095,
episode 365,,0.0
episode_366,0.013000000193715095,
episode 366,,0.0
episode_367,0.013000000193715095,
episode 367,,0.0
episode_368,0.013000000193715095,
episode 368,,0.0
episode_369,0.013000000193715095,
episode 369,,0.0
episode_370,0.013000000193715095,
episode 370,,0.0
episode_371,0.013000000193715095,
episode 371,,0.0
episode_372,0.012000000178813934,
episode 372,,0.0
episode_373,0.012000000178813934,
episode 373,,0.0
episode_374,0.011000000163912773,
episode 374,,0.0
episode_375,0.011000000163912773,
episode 375,,0.0
episode_376,0.011000000163912773,
episode 376,,0.0
episode_377,0.011000000163912773,
episode 377,,0.0
episode_378,0.011000000163912773,
episode 378,,0.0
episode_379,0.011000000163912773,
episode 379,,0.0
episode_380,0.011000000163912773,
episode 380,,0.0
episode_381,0.011000000163912773,
episode 381,,0.10000000149011612
episode_382,0.012000000178813934,
episode 382,,0.10000000149011612
episode_383,0.012000000178813934,
episode 383,,0.0
episode_384,0.012000000178813934,
episode 384,,0.0
episode_385,0.012000000178813934,
episode 385,,0.0
episode_386,0.013000000193715095,
episode 386,,0.10000000149011612
episode_387,0.013000000193715095,
episode 387,,0.0
episode_388,0.013000000193715095,
episode 388,,0.0
episode_389,0.013000000193715095,
episode 389,,0.0
episode_390,0.013000000193715095,
episode 390,,0.0
episode_391,0.013000000193715095,
episode 391,,0.0
episode_392,0.012000000178813934,
episode 392,,0.0
episode_393,0.012000000178813934,
episode 393,,0.0
episode_394,0.013000000193715095,
episode 394,,0.10000000149011612
episode_395,0.013000000193715095,
episode 395,,0.0
episode_396,0.012000000178813934,
episode 396,,0.0
episode_397,0.012000000178813934,
episode 397,,0.0
episode_398,0.012000000178813934,
episode 398,,0.0
episode_399,0.012000000178813934,
episode 399,,0.0
episode_400,0.012000000178813934,
episode 400,,0.0
episode_401,0.012000000178813934,
episode 401,,0.0
episode_402,0.013000000193715095,
episode 402,,0.10000000149011612
episode_403,0.013000000193715095,
episode 403,,0.0
episode_404,0.012000000178813934,
episode 404,,0.0
episode_405,0.012000000178813934,
episode 405,,0.0
episode_406,0.013000000193715095,
episode 406,,0.10000000149011612
episode_407,0.014000000208616257,
episode 407,,0.10000000149011612
episode_408,0.015000000223517418,
episode 408,,0.10000000149011612
episode_409,0.015000000223517418,
episode 409,,0.0
episode_410,0.014000000208616257,
episode 410,,0.0
episode_411,0.014000000208616257,
episode 411,,0.0
episode_412,0.014000000208616257,
episode 412,,0.0
episode_413,0.014000000208616257,
episode 413,,0.0
episode_414,0.015000000223517418,
episode 414,,0.10000000149011612
episode_415,0.015000000223517418,
episode 415,,0.0
episode_416,0.015000000223517418,
episode 416,,0.0
episode_417,0.015000000223517418,
episode 417,,0.0
episode_418,0.015000000223517418,
episode 418,,0.0
episode_419,0.014000000208616257,
episode 419,,0.0
episode_420,0.015000000223517418,
episode 420,,0.10000000149011612
episode_421,0.015000000223517418,
episode 421,,0.0
episode_422,0.01600000023841858,
episode 422,,0.10000000149011612
episode_423,0.01600000023841858,
episode 423,,0.0
episode_424,0.01600000023841858,
episode 424,,0.0
episode_425,0.015000000223517418,
episode 425,,0.0
episode_426,0.015000000223517418,
episode 426,,0.0
episode_427,0.01600000023841858,
episode 427,,0.10000000149011612
episode_428,0.01600000023841858,
episode 428,,0.0
episode_429,0.01600000023841858,
episode 429,,0.0
episode_430,0.01600000023841858,
episode 430,,0.0
episode_431,0.01600000023841858,
episode 431,,0.0
episode_432,0.01700000025331974,
episode 432,,0.10000000149011612
episode_433,0.01600000023841858,
episode 433,,0.0
episode_434,0.01600000023841858,
episode 434,,0.0
episode_435,0.01600000023841858,
episode 435,,0.0
episode_436,0.01700000025331974,
episode 436,,0.10000000149011612
episode_437,0.01700000025331974,
episode 437,,0.0
episode_438,0.01700000025331974,
episode 438,,0.0
episode_439,0.018000000268220902,
episode 439,,0.10000000149011612
episode_440,0.018000000268220902,
episode 440,,0.0
episode_441,0.018000000268220902,
episode 441,,0.0
episode_442,0.018000000268220902,
episode 442,,0.0
episode_443,0.018000000268220902,
episode 443,,0.0
episode_444,0.018000000268220902,
episode 444,,0.0
episode_445,0.018000000268220902,
episode 445,,0.0
episode_446,0.01700000025331974,
episode 446,,0.0
episode_447,0.01600000023841858,
episode 447,,0.0
episode_448,0.01600000023841858,
episode 448,,0.0
episode_449,0.01600000023841858,
episode 449,,0.0
episode_450,0.01600000023841858,
episode 450,,0.0
episode_451,0.01600000023841858,
episode 451,,0.0
episode_452,0.01600000023841858,
episode 452,,0.0
episode_453,0.01600000023841858,
episode 453,,0.0
episode_454,0.01600000023841858,
episode 454,,0.0
episode_455,0.015000000223517418,
episode 455,,0.0
episode_456,0.015000000223517418,
episode 456,,0.0
episode_457,0.015000000223517418,
episode 457,,0.0
episode_458,0.015000000223517418,
episode 458,,0.0
episode_459,0.015000000223517418,
episode 459,,0.0
episode_460,0.015000000223517418,
episode 460,,0.0
episode_461,0.01600000023841858,
episode 461,,0.10000000149011612
episode_462,0.01600000023841858,
episode 462,,0.0
episode_463,0.01600000023841858,
episode 463,,0.0
episode_464,0.01600000023841858,
episode 464,,0.0
episode_465,0.01600000023841858,
episode 465,,0.0
episode_466,0.01600000023841858,
episode 466,,0.0
episode_467,0.01600000023841858,
episode 467,,0.0
episode_468,0.01600000023841858,
episode 468,,0.0
episode_469,0.01600000023841858,
episode 469,,0.0
episode_470,0.01600000023841858,
episode 470,,0.0
episode_471,0.01600000023841858,
episode 471,,0.0
episode_472,0.01600000023841858,
episode 472,,0.0
episode_473,0.01600000023841858,
episode 473,,0.0
episode_474,0.01600000023841858,
episode 474,,0.0
episode_475,0.01600000023841858,
episode 475,,0.0
episode_476,0.01600000023841858,
episode 476,,0.0
episode_477,0.01600000023841858,
episode 477,,0.0
episode_478,0.01600000023841858,
episode 478,,0.0
episode_479,0.01700000025331974,
episode 479,,0.10000000149011612
episode_480,0.01700000025331974,
episode 480,,0.0
episode_481,0.01600000023841858,
episode 481,,0.0
episode_482,0.01600000023841858,
episode 482,,0.10000000149011612
episode_483,0.01600000023841858,
episode 483,,0.0
episode_484,0.01700000025331974,
episode 484,,0.10000000149011612
episode_485,0.018000000268220902,
episode 485,,0.10000000149011612
episode_486,0.01700000025331974,
episode 486,,0.0
episode_487,0.01700000025331974,
episode 487,,0.0
episode_488,0.01700000025331974,
episode 488,,0.0
episode_489,0.01700000025331974,
episode 489,,0.0
episode_490,0.01700000025331974,
episode 490,,0.0
episode_491,0.01700000025331974,
episode 491,,0.0
episode_492,0.01700000025331974,
episode 492,,0.0
episode_493,0.01700000025331974,
episode 493,,0.0
episode_494,0.01600000023841858,
episode 494,,0.0
episode_495,0.01600000023841858,
episode 495,,0.0
episode_496,0.01600000023841858,
episode 496,,0.0
episode_497,0.01700000025331974,
episode 497,,0.10000000149011612
episode_498,0.01700000025331974,
episode 498,,0.0
episode_499,0.01700000025331974,
episode 499,,0.0
episode_500,0.01700000025331974,
episode 500,,0.0
episode_501,0.01700000025331974,
episode 501,,0.0
episode_502,0.01600000023841858,
episode 502,,0.0
episode_503,0.01700000025331974,
episode 503,,0.10000000149011612
episode_504,0.01700000025331974,
episode 504,,0.0
episode_505,0.01700000025331974,
episode 505,,0.0
episode_506,0.01700000025331974,
episode 506,,0.10000000149011612
episode_507,0.01600000023841858,
episode 507,,0.0
episode_508,0.01600000023841858,
episode 508,,0.10000000149011612
episode_509,0.01600000023841858,
episode 509,,0.0
episode_510,0.01600000023841858,
episode 510,,0.0
episode_511,0.01600000023841858,
episode 511,,0.0
episode_512,0.01600000023841858,
episode 512,,0.0
episode_513,0.01600000023841858,
episode 513,,0.0
episode_514,0.015000000223517418,
episode 514,,0.0
episode_515,0.015000000223517418,
episode 515,,0.0
episode_516,0.015000000223517418,
episode 516,,0.0
episode_517,0.015000000223517418,
episode 517,,0.0
episode_518,0.01600000023841858,
episode 518,,0.10000000149011612
episode_519,0.01600000023841858,
episode 519,,0.0
episode_520,0.015000000223517418,
episode 520,,0.0
episode_521,0.015000000223517418,
episode 521,,0.0
episode_522,0.014000000208616257,
episode 522,,0.0
episode_523,0.014000000208616257,
episode 523,,0.0
episode_524,0.015000000223517418,
episode 524,,0.10000000149011612
episode_525,0.015000000223517418,
episode 525,,0.0
episode_526,0.015000000223517418,
episode 526,,0.0
episode_527,0.014000000208616257,
episode 527,,0.0
episode_528,0.014000000208616257,
episode 528,,0.0
episode_529,0.014000000208616257,
episode 529,,0.0
episode_530,0.015000000223517418,
episode 530,,0.10000000149011612
episode_531,0.015000000223517418,
episode 531,,0.0
episode_532,0.014000000208616257,
episode 532,,0.0
episode_533,0.014000000208616257,
episode 533,,0.0
episode_534,0.014000000208616257,
episode 534,,0.0
episode_535,0.014000000208616257,
episode 535,,0.0
episode_536,0.013000000193715095,
episode 536,,0.0
episode_537,0.013000000193715095,
episode 537,,0.0
episode_538,0.013000000193715095,
episode 538,,0.0
episode_539,0.012000000178813934,
episode 539,,0.0
episode_540,0.012000000178813934,
episode 540,,0.0
episode_541,0.012000000178813934,
episode 541,,0.0
episode_542,0.012000000178813934,
episode 542,,0.0
episode_543,0.012000000178813934,
episode 543,,0.0
episode_544,0.012000000178813934,
episode 544,,0.0
episode_545,0.012000000178813934,
episode 545,,0.0
episode_546,0.012000000178813934,
episode 546,,0.0
episode_547,0.012000000178813934,
episode 547,,0.0
episode_548,0.012000000178813934,
episode 548,,0.0
episode_549,0.012000000178813934,
episode 549,,0.0
episode_550,0.012000000178813934,
episode 550,,0.0
episode_551,0.012000000178813934,
episode 551,,0.0
episode_552,0.012000000178813934,
episode 552,,0.0
episode_553,0.012000000178813934,
episode 553,,0.0
episode_554,0.013000000193715095,
episode 554,,0.10000000149011612
episode_555,0.013000000193715095,
episode 555,,0.0
episode_556,0.013000000193715095,
episode 556,,0.0
episode_557,0.013000000193715095,
episode 557,,0.0
episode_558,0.013000000193715095,
episode 558,,0.0
episode_559,0.013000000193715095,
episode 559,,0.0
episode_560,0.013000000193715095,
episode 560,,0.0
episode_561,0.012000000178813934,
episode 561,,0.0
episode_562,0.012000000178813934,
episode 562,,0.0
episode_563,0.012000000178813934,
episode 563,,0.0
episode_564,0.013000000193715095,
episode 564,,0.10000000149011612
episode_565,0.013000000193715095,
episode 565,,0.0
episode_566,0.013000000193715095,
episode 566,,0.0
episode_567,0.013000000193715095,
episode 567,,0.0
episode_568,0.013000000193715095,
episode 568,,0.0
episode_569,0.013000000193715095,
episode 569,,0.0
episode_570,0.013000000193715095,
episode 570,,0.0
episode_571,0.013000000193715095,
episode 571,,0.0
episode_572,0.014000000208616257,
episode 572,,0.10000000149011612
episode_573,0.014000000208616257,
episode 573,,0.0
episode_574,0.014000000208616257,
episode 574,,0.0
episode_575,0.014000000208616257,
episode 575,,0.0
episode_576,0.014000000208616257,
episode 576,,0.0
episode_577,0.014000000208616257,
episode 577,,0.0
episode_578,0.014000000208616257,
episode 578,,0.0
episode_579,0.013000000193715095,
episode 579,,0.0
episode_580,0.013000000193715095,
episode 580,,0.0
episode_581,0.013000000193715095,
episode 581,,0.0
episode_582,0.012000000178813934,
episode 582,,0.0
episode_583,0.013000000193715095,
episode 583,,0.10000000149011612
episode_584,0.012000000178813934,
episode 584,,0.0
episode_585,0.011000000163912773,
episode 585,,0.0
episode_586,0.012000000178813934,
episode 586,,0.10000000149011612
episode_587,0.012000000178813934,
episode 587,,0.0
episode_588,0.013000000193715095,
episode 588,,0.10000000149011612
episode_589,0.013000000193715095,
episode 589,,0.0
episode_590,0.013000000193715095,
episode 590,,0.0
episode_591,0.013000000193715095,
episode 591,,0.0
episode_592,0.013000000193715095,
episode 592,,0.0
episode_593,0.013000000193715095,
episode 593,,0.0
episode_594,0.013000000193715095,
episode 594,,0.0
episode_595,0.013000000193715095,
episode 595,,0.0
episode_596,0.013000000193715095,
episode 596,,0.0
episode_597,0.012000000178813934,
episode 597,,0.0
episode_598,0.012000000178813934,
episode 598,,0.0
episode_599,0.012000000178813934,
episode 599,,0.0
episode_600,0.012000000178813934,
episode 600,,0.0
episode_601,0.012000000178813934,
episode 601,,0.0
episode_602,0.012000000178813934,
episode 602,,0.0
episode_603,0.011000000163912773,
episode 603,,0.0
episode_604,0.011000000163912773,
episode 604,,0.0
episode_605,0.011000000163912773,
episode 605,,0.0
episode_606,0.010000000149011612,
episode 606,,0.0
episode_607,0.010000000149011612,
episode 607,,0.0
episode_608,0.009000000134110451,
episode 608,,0.0
episode_609,0.009000000134110451,
episode 609,,0.0
episode_610,0.009000000134110451,
episode 610,,0.0
episode_611,0.009000000134110451,
episode 611,,0.0
episode_612,0.009000000134110451,
episode 612,,0.0
episode_613,0.009000000134110451,
episode 613,,0.0
episode_614,0.009000000134110451,
episode 614,,0.0
episode_615,0.009000000134110451,
episode 615,,0.0
episode_616,0.009000000134110451,
episode 616,,0.0
episode_617,0.009000000134110451,
episode 617,,0.0
episode_618,0.00800000011920929,
episode 618,,0.0
episode_619,0.00800000011920929,
episode 619,,0.0
episode_620,0.00800000011920929,
episode 620,,0.0
episode_621,0.00800000011920929,
episode 621,,0.0
episode_622,0.00800000011920929,
episode 622,,0.0
episode_623,0.00800000011920929,
episode 623,,0.0
episode_624,0.007000000104308128,
episode 624,,0.0
episode_625,0.007000000104308128,
episode 625,,0.0
episode_626,0.007000000104308128,
episode 626,,0.0
episode_627,0.007000000104308128,
episode 627,,0.0
episode_628,0.007000000104308128,
episode 628,,0.0
episode_629,0.007000000104308128,
episode 629,,0.0
episode_630,0.007000000104308128,
episode 630,,0.10000000149011612
episode_631,0.007000000104308128,
episode 631,,0.0
episode_632,0.007000000104308128,
episode 632,,0.0
episode_633,0.007000000104308128,
episode 633,,0.0
episode_634,0.00800000011920929,
episode 634,,0.10000000149011612
episode_635,0.00800000011920929,
episode 635,,0.0
episode_636,0.00800000011920929,
episode 636,,0.0
episode_637,0.00800000011920929,
episode 637,,0.0
episode_638,0.00800000011920929,
episode 638,,0.0
episode_639,0.00800000011920929,
episode 639,,0.0
episode_640,0.00800000011920929,
episode 640,,0.0
episode_641,0.00800000011920929,
episode 641,,0.0
episode_642,0.00800000011920929,
episode 642,,0.0
episode_643,0.00800000011920929,
episode 643,,0.0
episode_644,0.00800000011920929,
episode 644,,0.0
episode_645,0.00800000011920929,
episode 645,,0.0
episode_646,0.00800000011920929,
episode 646,,0.0
episode_647,0.00800000011920929,
episode 647,,0.0
episode_648,0.00800000011920929,
episode 648,,0.0
episode_649,0.00800000011920929,
episode 649,,0.0
episode_650,0.00800000011920929,
episode 650,,0.0
episode_651,0.00800000011920929,
episode 651,,0.0
episode_652,0.009000000134110451,
episode 652,,0.10000000149011612
episode_653,0.009000000134110451,
episode 653,,0.0
episode_654,0.00800000011920929,
episode 654,,0.0
episode_655,0.00800000011920929,
episode 655,,0.0
episode_656,0.00800000011920929,
episode 656,,0.0
episode_657,0.00800000011920929,
episode 657,,0.0
episode_658,0.00800000011920929,
episode 658,,0.0
episode_659,0.00800000011920929,
episode 659,,0.0
episode_660,0.00800000011920929,
episode 660,,0.0
episode_661,0.00800000011920929,
episode 661,,0.0
episode_662,0.00800000011920929,
episode 662,,0.0
episode_663,0.00800000011920929,
episode 663,,0.0
episode_664,0.007000000104308128,
episode 664,,0.0
episode_665,0.007000000104308128,
episode 665,,0.0
episode_666,0.007000000104308128,
episode 666,,0.0
episode_667,0.00800000011920929,
episode 667,,0.10000000149011612
episode_668,0.00800000011920929,
episode 668,,0.0
episode_669,0.00800000011920929,
episode 669,,0.0
episode_670,0.00800000011920929,
episode 670,,0.0
episode_671,0.00800000011920929,
episode 671,,0.0
episode_672,0.007000000104308128,
episode 672,,0.0
episode_673,0.007000000104308128,
episode 673,,0.0
episode_674,0.00800000011920929,
episode 674,,0.10000000149011612
episode_675,0.009000000134110451,
episode 675,,0.10000000149011612
episode_676,0.009000000134110451,
episode 676,,0.0
episode_677,0.010000000149011612,
episode 677,,0.10000000149011612
episode_678,0.010000000149011612,
episode 678,,0.0
episode_679,0.010000000149011612,
episode 679,,0.0
episode_680,0.010000000149011612,
episode 680,,0.0
episode_681,0.010000000149011612,
episode 681,,0.0
episode_682,0.011000000163912773,
episode 682,,0.10000000149011612
episode_683,0.010000000149011612,
episode 683,,0.0
episode_684,0.010000000149011612,
episode 684,,0.0
episode_685,0.010000000149011612,
episode 685,,0.0
episode_686,0.009000000134110451,
episode 686,,0.0
episode_687,0.009000000134110451,
episode 687,,0.0
episode_688,0.00800000011920929,
episode 688,,0.0
episode_689,0.00800000011920929,
episode 689,,0.0
episode_690,0.00800000011920929,
episode 690,,0.0
episode_691,0.00800000011920929,
episode 691,,0.0
episode_692,0.00800000011920929,
episode 692,,0.0
episode_693,0.009000000134110451,
episode 693,,0.10000000149011612
episode_694,0.009000000134110451,
episode 694,,0.0
episode_695,0.009000000134110451,
episode 695,,0.0
episode_696,0.009000000134110451,
episode 696,,0.0
episode_697,0.009000000134110451,
episode 697,,0.0
episode_698,0.009000000134110451,
episode 698,,0.0
episode_699,0.009000000134110451,
episode 699,,0.0
episode_700,0.009000000134110451,
episode 700,,0.0
episode_701,0.009000000134110451,
episode 701,,0.0
episode_702,0.009000000134110451,
episode 702,,0.0
episode_703,0.009000000134110451,
episode 703,,0.0
episode_704,0.009000000134110451,
episode 704,,0.0
episode_705,0.009000000134110451,
episode 705,,0.0
episode_706,0.009000000134110451,
episode 706,,0.0
episode_707,0.009000000134110451,
episode 707,,0.0
episode_708,0.009000000134110451,
episode 708,,0.0
episode_709,0.010000000149011612,
episode 709,,0.10000000149011612
episode_710,0.010000000149011612,
episode 710,,0.0
episode_711,0.010000000149011612,
episode 711,,0.0
episode_712,0.010000000149011612,
episode 712,,0.0
episode_713,0.010000000149011612,
episode 713,,0.0
episode_714,0.010000000149011612,
episode 714,,0.0
episode_715,0.010000000149011612,
episode 715,,0.0
episode_716,0.010000000149011612,
episode 716,,0.0
episode_717,0.010000000149011612,
episode 717,,0.0
episode_718,0.010000000149011612,
episode 718,,0.0
episode_719,0.010000000149011612,
episode 719,,0.0
episode_720,0.010000000149011612,
episode 720,,0.0
episode_721,0.010000000149011612,
episode 721,,0.0
episode_722,0.011000000163912773,
episode 722,,0.10000000149011612
episode_723,0.011000000163912773,
episode 723,,0.0
episode_724,0.011000000163912773,
episode 724,,0.0
episode_725,0.011000000163912773,
episode 725,,0.0
episode_726,0.011000000163912773,
episode 726,,0.0
episode_727,0.012000000178813934,
episode 727,,0.10000000149011612
episode_728,0.012000000178813934,
episode 728,,0.0
episode_729,0.013000000193715095,
episode 729,,0.10000000149011612
episode_730,0.013000000193715095,
episode 730,,0.10000000149011612
episode_731,0.013000000193715095,
episode 731,,0.0
episode_732,0.013000000193715095,
episode 732,,0.0
episode_733,0.013000000193715095,
episode 733,,0.0
episode_734,0.013000000193715095,
episode 734,,0.10000000149011612
episode_735,0.013000000193715095,
episode 735,,0.0
episode_736,0.013000000193715095,
episode 736,,0.0
episode_737,0.013000000193715095,
episode 737,,0.0
episode_738,0.013000000193715095,
episode 738,,0.0
episode_739,0.014000000208616257,
episode 739,,0.10000000149011612
episode_740,0.014000000208616257,
episode 740,,0.0
episode_741,0.014000000208616257,
episode 741,,0.0
episode_742,0.014000000208616257,
episode 742,,0.0
episode_743,0.014000000208616257,
episode 743,,0.0
episode_744,0.014000000208616257,
episode 744,,0.0
episode_745,0.014000000208616257,
episode 745,,0.0
episode_746,0.014000000208616257,
episode 746,,0.0
episode_747,0.014000000208616257,
episode 747,,0.0
episode_748,0.014000000208616257,
episode 748,,0.0
episode_749,0.014000000208616257,
episode 749,,0.0
episode_750,0.014000000208616257,
episode 750,,0.0
episode_751,0.014000000208616257,
episode 751,,0.0
episode_752,0.013000000193715095,
episode 752,,0.0
episode_753,0.013000000193715095,
episode 753,,0.0
episode_754,0.013000000193715095,
episode 754,,0.0
episode_755,0.013000000193715095,
episode 755,,0.0
episode_756,0.013000000193715095,
episode 756,,0.0
episode_757,0.013000000193715095,
episode 757,,0.0
episode_758,0.013000000193715095,
episode 758,,0.0
episode_759,0.013000000193715095,
episode 759,,0.0
episode_760,0.013000000193715095,
episode 760,,0.0
episode_761,0.013000000193715095,
episode 761,,0.0
episode_762,0.013000000193715095,
episode 762,,0.0
episode_763,0.013000000193715095,
episode 763,,0.0
episode_764,0.013000000193715095,
episode 764,,0.0
episode_765,0.013000000193715095,
episode 765,,0.0
episode_766,0.013000000193715095,
episode 766,,0.0
episode_767,0.012000000178813934,
episode 767,,0.0
episode_768,0.012000000178813934,
episode 768,,0.0
episode_769,0.012000000178813934,
episode 769,,0.0
episode_770,0.012000000178813934,
episode 770,,0.0
episode_771,0.013000000193715095,
episode 771,,0.10000000149011612
episode_772,0.013000000193715095,
episode 772,,0.0
episode_773,0.013000000193715095,
episode 773,,0.0
episode_774,0.012000000178813934,
episode 774,,0.0
episode_775,0.011000000163912773,
episode 775,,0.0
episode_776,0.011000000163912773,
episode 776,,0.0
episode_777,0.010000000149011612,
episode 777,,0.0
episode_778,0.010000000149011612,
episode 778,,0.0
episode_779,0.010000000149011612,
episode 779,,0.0
episode_780,0.010000000149011612,
episode 780,,0.0
episode_781,0.010000000149011612,
episode 781,,0.0
episode_782,0.009000000134110451,
episode 782,,0.0
episode_783,0.009000000134110451,
episode 783,,0.0
episode_784,0.009000000134110451,
episode 784,,0.0
episode_785,0.010000000149011612,
episode 785,,0.10000000149011612
episode_786,0.010000000149011612,
episode 786,,0.0
episode_787,0.010000000149011612,
episode 787,,0.0
episode_788,0.010000000149011612,
episode 788,,0.0
episode_789,0.010000000149011612,
episode 789,,0.0
episode_790,0.010000000149011612,
episode 790,,0.0
episode_791,0.010000000149011612,
episode 791,,0.0
episode_792,0.010000000149011612,
episode 792,,0.0
episode_793,0.009000000134110451,
episode 793,,0.0
episode_794,0.009000000134110451,
episode 794,,0.0
episode_795,0.009000000134110451,
episode 795,,0.0
episode_796,0.009000000134110451,
episode 796,,0.0
episode_797,0.009000000134110451,
episode 797,,0.0
episode_798,0.009000000134110451,
episode 798,,0.0
episode_799,0.009000000134110451,
episode 799,,0.0
episode_800,0.010000000149011612,
episode 800,,0.10000000149011612
episode_801,0.011000000163912773,
episode 801,,0.10000000149011612
episode_802,0.011000000163912773,
episode 802,,0.0
episode_803,0.011000000163912773,
episode 803,,0.0
episode_804,0.011000000163912773,
episode 804,,0.0
episode_805,0.011000000163912773,
episode 805,,0.0
episode_806,0.011000000163912773,
episode 806,,0.0
episode_807,0.011000000163912773,
episode 807,,0.0
episode_808,0.011000000163912773,
episode 808,,0.0
episode_809,0.010000000149011612,
episode 809,,0.0
episode_810,0.011000000163912773,
episode 810,,0.10000000149011612
episode_811,0.011000000163912773,
episode 811,,0.0
episode_812,0.011000000163912773,
episode 812,,0.0
episode_813,0.011000000163912773,
episode 813,,0.0
episode_814,0.011000000163912773,
episode 814,,0.0
episode_815,0.011000000163912773,
episode 815,,0.0
episode_816,0.011000000163912773,
episode 816,,0.0
episode_817,0.011000000163912773,
episode 817,,0.0
episode_818,0.011000000163912773,
episode 818,,0.0
episode_819,0.011000000163912773,
episode 819,,0.0
episode_820,0.011000000163912773,
episode 820,,0.0
episode_821,0.011000000163912773,
episode 821,,0.0
episode_822,0.010000000149011612,
episode 822,,0.0
episode_823,0.010000000149011612,
episode 823,,0.0
episode_824,0.010000000149011612,
episode 824,,0.0
episode_825,0.010000000149011612,
episode 825,,0.0
episode_826,0.010000000149011612,
episode 826,,0.0
episode_827,0.009000000134110451,
episode 827,,0.0
episode_828,0.009000000134110451,
episode 828,,0.0
episode_829,0.00800000011920929,
episode 829,,0.0
episode_830,0.007000000104308128,
episode 830,,0.0
episode_831,0.007000000104308128,
episode 831,,0.0
episode_832,0.007000000104308128,
episode 832,,0.0
episode_833,0.007000000104308128,
episode 833,,0.0
episode_834,0.006000000089406967,
episode 834,,0.0
episode_835,0.006000000089406967,
episode 835,,0.0
episode_836,0.006000000089406967,
episode 836,,0.0
episode_837,0.006000000089406967,
episode 837,,0.0
episode_838,0.006000000089406967,
episode 838,,0.0
episode_839,0.005000000074505806,
episode 839,,0.0
episode_840,0.005000000074505806,
episode 840,,0.0
episode_841,0.006000000089406967,
episode 841,,0.10000000149011612
episode_842,0.006000000089406967,
episode 842,,0.0
episode_843,0.006000000089406967,
episode 843,,0.0
episode_844,0.007000000104308128,
episode 844,,0.10000000149011612
episode_845,0.007000000104308128,
episode 845,,0.0
episode_846,0.007000000104308128,
episode 846,,0.0
episode_847,0.007000000104308128,
episode 847,,0.0
episode_848,0.00800000011920929,
episode 848,,0.10000000149011612
episode_849,0.00800000011920929,
episode 849,,0.0
episode_850,0.00800000011920929,
episode 850,,0.0
episode_851,0.00800000011920929,
episode 851,,0.0
episode_852,0.00800000011920929,
episode 852,,0.0
episode_853,0.00800000011920929,
episode 853,,0.0
episode_854,0.00800000011920929,
episode 854,,0.0
episode_855,0.00800000011920929,
episode 855,,0.0
episode_856,0.009000000134110451,
episode 856,,0.10000000149011612
episode_857,0.010000000149011612,
episode 857,,0.10000000149011612
episode_858,0.010000000149011612,
episode 858,,0.0
episode_859,0.010000000149011612,
episode 859,,0.0
episode_860,0.010000000149011612,
episode 860,,0.0
episode_861,0.010000000149011612,
episode 861,,0.0
episode_862,0.010000000149011612,
episode 862,,0.0
episode_863,0.010000000149011612,
episode 863,,0.0
episode_864,0.010000000149011612,
episode 864,,0.0
episode_865,0.010000000149011612,
episode 865,,0.0
episode_866,0.010000000149011612,
episode 866,,0.0
episode_867,0.010000000149011612,
episode 867,,0.0
episode_868,0.010000000149011612,
episode 868,,0.0
episode_869,0.010000000149011612,
episode 869,,0.0
episode_870,0.010000000149011612,
episode 870,,0.0
episode_871,0.009000000134110451,
episode 871,,0.0
episode_872,0.009000000134110451,
episode 872,,0.0
episode_873,0.009000000134110451,
episode 873,,0.0
episode_874,0.009000000134110451,
episode 874,,0.0
episode_875,0.009000000134110451,
episode 875,,0.0
episode_876,0.009000000134110451,
episode 876,,0.0
episode_877,0.009000000134110451,
episode 877,,0.0
episode_878,0.010000000149011612,
episode 878,,0.10000000149011612
episode_879,0.010000000149011612,
episode 879,,0.0
episode_880,0.010000000149011612,
episode 880,,0.0
episode_881,0.010000000149011612,
episode 881,,0.0
episode_882,0.010000000149011612,
episode 882,,0.0
episode_883,0.010000000149011612,
episode 883,,0.0
episode_884,0.010000000149011612,
episode 884,,0.0
episode_885,0.009000000134110451,
episode 885,,0.0
episode_886,0.009000000134110451,
episode 886,,0.0
episode_887,0.009000000134110451,
episode 887,,0.0
episode_888,0.009000000134110451,
episode 888,,0.0
episode_889,0.009000000134110451,
episode 889,,0.0
episode_890,0.009000000134110451,
episode 890,,0.0
episode_891,0.009000000134110451,
episode 891,,0.0
episode_892,0.009000000134110451,
episode 892,,0.0
episode_893,0.009000000134110451,
episode 893,,0.0
episode_894,0.009000000134110451,
episode 894,,0.0
episode_895,0.010000000149011612,
episode 895,,0.10000000149011612
episode_896,0.010000000149011612,
episode 896,,0.0
episode_897,0.010000000149011612,
episode 897,,0.0
episode_898,0.010000000149011612,
episode 898,,0.0
episode_899,0.010000000149011612,
episode 899,,0.0
episode_900,0.009000000134110451,
episode 900,,0.0
episode_901,0.00800000011920929,
episode 901,,0.0
episode_902,0.00800000011920929,
episode 902,,0.0
episode_903,0.00800000011920929,
episode 903,,0.0
episode_904,0.00800000011920929,
episode 904,,0.0
episode_905,0.00800000011920929,
episode 905,,0.0
episode_906,0.00800000011920929,
episode 906,,0.0
episode_907,0.00800000011920929,
episode 907,,0.0
episode_908,0.00800000011920929,
episode 908,,0.0
episode_909,0.00800000011920929,
episode 909,,0.0
episode_910,0.007000000104308128,
episode 910,,0.0
episode_911,0.007000000104308128,
episode 911,,0.0
episode_912,0.007000000104308128,
episode 912,,0.0
episode_913,0.007000000104308128,
episode 913,,0.0
episode_914,0.00800000011920929,
episode 914,,0.10000000149011612
episode_915,0.00800000011920929,
episode 915,,0.0
episode_916,0.00800000011920929,
episode 916,,0.0
episode_917,0.00800000011920929,
episode 917,,0.0
episode_918,0.009000000134110451,
episode 918,,0.10000000149011612
episode_919,0.009000000134110451,
episode 919,,0.0
episode_920,0.010000000149011612,
episode 920,,0.10000000149011612
episode_921,0.010000000149011612,
episode 921,,0.0
episode_922,0.010000000149011612,
episode 922,,0.0
episode_923,0.010000000149011612,
episode 923,,0.0
episode_924,0.010000000149011612,
episode 924,,0.0
episode_925,0.010000000149011612,
episode 925,,0.0
episode_926,0.010000000149011612,
episode 926,,0.0
episode_927,0.010000000149011612,
episode 927,,0.0
episode_928,0.010000000149011612,
episode 928,,0.0
episode_929,0.010000000149011612,
episode 929,,0.0
episode_930,0.010000000149011612,
episode 930,,0.0
episode_931,0.010000000149011612,
episode 931,,0.0
episode_932,0.010000000149011612,
episode 932,,0.0
episode_933,0.010000000149011612,
episode 933,,0.0
episode_934,0.010000000149011612,
episode 934,,0.0
episode_935,0.010000000149011612,
episode 935,,0.0
episode_936,0.010000000149011612,
episode 936,,0.0
episode_937,0.010000000149011612,
episode 937,,0.0
episode_938,0.011000000163912773,
episode 938,,0.10000000149011612
episode_939,0.011000000163912773,
episode 939,,0.0
episode_940,0.011000000163912773,
episode 940,,0.0
episode_941,0.010000000149011612,
episode 941,,0.0
episode_942,0.010000000149011612,
episode 942,,0.0
episode_943,0.010000000149011612,
episode 943,,0.0
episode_944,0.009000000134110451,
episode 944,,0.0
episode_945,0.009000000134110451,
episode 945,,0.0
episode_946,0.009000000134110451,
episode 946,,0.0
episode_947,0.009000000134110451,
episode 947,,0.0
episode_948,0.00800000011920929,
episode 948,,0.0
episode_949,0.00800000011920929,
episode 949,,0.0
episode_950,0.00800000011920929,
episode 950,,0.0
episode_951,0.00800000011920929,
episode 951,,0.0
episode_952,0.00800000011920929,
episode 952,,0.0
episode_953,0.00800000011920929,
episode 953,,0.0
episode_954,0.009000000134110451,
episode 954,,0.10000000149011612
episode_955,0.009000000134110451,
episode 955,,0.0
episode_956,0.00800000011920929,
episode 956,,0.0
episode_957,0.007000000104308128,
episode 957,,0.0
episode_958,0.007000000104308128,
episode 958,,0.0
episode_959,0.007000000104308128,
episode 959,,0.0
episode_960,0.007000000104308128,
episode 960,,0.0
episode_961,0.007000000104308128,
episode 961,,0.0
episode_962,0.007000000104308128,
episode 962,,0.0
episode_963,0.00800000011920929,
episode 963,,0.10000000149011612
episode_964,0.009000000134110451,
episode 964,,0.10000000149011612
episode_965,0.009000000134110451,
episode 965,,0.0
episode_966,0.010000000149011612,
episode 966,,0.10000000149011612
episode_967,0.010000000149011612,
episode 967,,0.0
episode_968,0.010000000149011612,
episode 968,,0.0
episode_969,0.010000000149011612,
episode 969,,0.0
episode_970,0.010000000149011612,
episode 970,,0.0
episode_971,0.010000000149011612,
episode 971,,0.0
episode_972,0.010000000149011612,
episode 972,,0.0
episode_973,0.010000000149011612,
episode 973,,0.0
episode_974,0.010000000149011612,
episode 974,,0.0
episode_975,0.010000000149011612,
episode 975,,0.0
episode_976,0.010000000149011612,
episode 976,,0.0
episode_977,0.010000000149011612,
episode 977,,0.0
episode_978,0.009000000134110451,
episode 978,,0.0
episode_979,0.009000000134110451,
episode 979,,0.0
episode_980,0.009000000134110451,
episode 980,,0.0
episode_981,0.009000000134110451,
episode 981,,0.0
episode_982,0.009000000134110451,
episode 982,,0.0
episode_983,0.009000000134110451,
episode 983,,0.0
episode_984,0.009000000134110451,
episode 984,,0.0
episode_985,0.009000000134110451,
episode 985,,0.0
episode_986,0.009000000134110451,
episode 986,,0.0
episode_987,0.009000000134110451,
episode 987,,0.0
episode_988,0.009000000134110451,
episode 988,,0.0
episode_989,0.009000000134110451,
episode 989,,0.0
episode_990,0.009000000134110451,
episode 990,,0.0
episode_991,0.009000000134110451,
episode 991,,0.0
episode_992,0.009000000134110451,
episode 992,,0.0
episode_993,0.009000000134110451,
episode 993,,0.0
episode_994,0.009000000134110451,
episode 994,,0.0
episode_995,0.00800000011920929,
episode 995,,0.0
episode_996,0.00800000011920929,
episode 996,,0.0
episode_997,0.00800000011920929,
episode 997,,0.0
episode_998,0.00800000011920929,
episode 998,,0.0
episode_999,0.00800000011920929,
episode 999,,0.0
episode_1000,0.00800000011920929,
episode 1000,,0.0
episode_1001,0.00800000011920929,
episode 1001,,0.0
episode_1002,0.00800000011920929,
episode 1002,,0.0
episode_1003,0.00800000011920929,
episode 1003,,0.0
episode_1004,0.00800000011920929,
episode 1004,,0.0
episode_1005,0.00800000011920929,
episode 1005,,0.0
episode_1006,0.00800000011920929,
episode 1006,,0.0
episode_1007,0.010000000149011612,
episode 1007,,0.20000000298023224
episode_1008,0.010000000149011612,
episode 1008,,0.0
episode_1009,0.010000000149011612,
episode 1009,,0.0
episode_1010,0.010000000149011612,
episode 1010,,0.0
episode_1011,0.010000000149011612,
episode 1011,,0.0
episode_1012,0.010000000149011612,
episode 1012,,0.0
episode_1013,0.011000000163912773,
episode 1013,,0.10000000149011612
episode_1014,0.010000000149011612,
episode 1014,,0.0
episode_1015,0.010000000149011612,
episode 1015,,0.0
episode_1016,0.010000000149011612,
episode 1016,,0.0
episode_1017,0.010000000149011612,
episode 1017,,0.0
episode_1018,0.009000000134110451,
episode 1018,,0.0
episode_1019,0.009000000134110451,
episode 1019,,0.0
episode_1020,0.009000000134110451,
episode 1020,,0.10000000149011612
episode_1021,0.009000000134110451,
episode 1021,,0.0
episode_1022,0.009000000134110451,
episode 1022,,0.0
episode_1023,0.009000000134110451,
episode 1023,,0.0
episode_1024,0.009000000134110451,
episode 1024,,0.0
episode_1025,0.009000000134110451,
episode 1025,,0.0
episode_1026,0.009000000134110451,
episode 1026,,0.0
episode_1027,0.009000000134110451,
episode 1027,,0.0
episode_1028,0.009000000134110451,
episode 1028,,0.0
episode_1029,0.010000000149011612,
episode 1029,,0.10000000149011612
episode_1030,0.011000000163912773,
episode 1030,,0.10000000149011612
episode_1031,0.011000000163912773,
episode 1031,,0.0
episode_1032,0.011000000163912773,
episode 1032,,0.0
episode_1033,0.011000000163912773,
episode 1033,,0.0
episode_1034,0.011000000163912773,
episode 1034,,0.0
episode_1035,0.011000000163912773,
episode 1035,,0.0
episode_1036,0.011000000163912773,
episode 1036,,0.0
episode_1037,0.011000000163912773,
episode 1037,,0.0
episode_1038,0.010000000149011612,
episode 1038,,0.0
episode_1039,0.010000000149011612,
episode 1039,,0.0
episode_1040,0.010000000149011612,
episode 1040,,0.0
episode_1041,0.010000000149011612,
episode 1041,,0.0
episode_1042,0.010000000149011612,
episode 1042,,0.0
episode_1043,0.011000000163912773,
episode 1043,,0.10000000149011612
episode_1044,0.011000000163912773,
episode 1044,,0.0
episode_1045,0.012000000178813934,
episode 1045,,0.10000000149011612
episode_1046,0.012000000178813934,
episode 1046,,0.0
episode_1047,0.012000000178813934,
episode 1047,,0.0
episode_1048,0.012000000178813934,
episode 1048,,0.0
episode_1049,0.012000000178813934,
episode 1049,,0.0
episode_1050,0.012000000178813934,
episode 1050,,0.0
episode_1051,0.013000000193715095,
episode 1051,,0.10000000149011612
episode_1052,0.013000000193715095,
episode 1052,,0.0
episode_1053,0.013000000193715095,
episode 1053,,0.0
episode_1054,0.013000000193715095,
episode 1054,,0.10000000149011612
episode_1055,0.013000000193715095,
episode 1055,,0.0
episode_1056,0.013000000193715095,
episode 1056,,0.0
episode_1057,0.013000000193715095,
episode 1057,,0.0
episode_1058,0.013000000193715095,
episode 1058,,0.0
episode_1059,0.013000000193715095,
episode 1059,,0.0
episode_1060,0.013000000193715095,
episode 1060,,0.0
episode_1061,0.013000000193715095,
episode 1061,,0.0
episode_1062,0.013000000193715095,
episode 1062,,0.0
episode_1063,0.012000000178813934,
episode 1063,,0.0
episode_1064,0.011000000163912773,
episode 1064,,0.0
episode_1065,0.011000000163912773,
episode 1065,,0.0
episode_1066,0.010000000149011612,
episode 1066,,0.0
episode_1067,0.010000000149011612,
episode 1067,,0.0
episode_1068,0.010000000149011612,
episode 1068,,0.0
episode_1069,0.010000000149011612,
episode 1069,,0.0
episode_1070,0.011000000163912773,
episode 1070,,0.10000000149011612
episode_1071,0.011000000163912773,
episode 1071,,0.0
episode_1072,0.011000000163912773,
episode 1072,,0.0
episode_1073,0.011000000163912773,
episode 1073,,0.0
episode_1074,0.011000000163912773,
episode 1074,,0.0
episode_1075,0.012000000178813934,
episode 1075,,0.10000000149011612
episode_1076,0.012000000178813934,
episode 1076,,0.0
episode_1077,0.012000000178813934,
episode 1077,,0.0
episode_1078,0.012000000178813934,
episode 1078,,0.0
episode_1079,0.012000000178813934,
episode 1079,,0.0
episode_1080,0.013000000193715095,
episode 1080,,0.10000000149011612
episode_1081,0.013000000193715095,
episode 1081,,0.0
episode_1082,0.013000000193715095,
episode 1082,,0.0
episode_1083,0.013000000193715095,
episode 1083,,0.0
episode_1084,0.013000000193715095,
episode 1084,,0.0
episode_1085,0.013000000193715095,
episode 1085,,0.0
episode_1086,0.013000000193715095,
episode 1086,,0.0
episode_1087,0.014000000208616257,
episode 1087,,0.10000000149011612
episode_1088,0.014000000208616257,
episode 1088,,0.0
episode_1089,0.014000000208616257,
episode 1089,,0.0
episode_1090,0.014000000208616257,
episode 1090,,0.0
episode_1091,0.014000000208616257,
episode 1091,,0.0
episode_1092,0.014000000208616257,
episode 1092,,0.0
episode_1093,0.014000000208616257,
episode 1093,,0.0
episode_1094,0.014000000208616257,
episode 1094,,0.0
episode_1095,0.014000000208616257,
episode 1095,,0.0
episode_1096,0.014000000208616257,
episode 1096,,0.0
episode_1097,0.014000000208616257,
episode 1097,,0.0
episode_1098,0.014000000208616257,
episode 1098,,0.0
episode_1099,0.014000000208616257,
episode 1099,,0.0
episode_1100,0.014000000208616257,
episode 1100,,0.0
episode_1101,0.014000000208616257,
episode 1101,,0.0
episode_1102,0.014000000208616257,
episode 1102,,0.0
episode_1103,0.014000000208616257,
episode 1103,,0.0
episode_1104,0.015000000223517418,
episode 1104,,0.10000000149011612
episode_1105,0.015000000223517418,
episode 1105,,0.0
episode_1106,0.015000000223517418,
episode 1106,,0.0
episode_1107,0.013000000193715095,
episode 1107,,0.0
episode_1108,0.013000000193715095,
episode 1108,,0.0
episode_1109,0.013000000193715095,
episode 1109,,0.0
episode_1110,0.013000000193715095,
episode 1110,,0.0
episode_1111,0.013000000193715095,
episode 1111,,0.0
episode_1112,0.013000000193715095,
episode 1112,,0.0
episode_1113,0.012000000178813934,
episode 1113,,0.0
episode_1114,0.013000000193715095,
episode 1114,,0.10000000149011612
episode_1115,0.013000000193715095,
episode 1115,,0.0
episode_1116,0.013000000193715095,
episode 1116,,0.0
episode_1117,0.013000000193715095,
episode 1117,,0.0
episode_1118,0.013000000193715095,
episode 1118,,0.0
episode_1119,0.013000000193715095,
episode 1119,,0.0
episode_1120,0.012000000178813934,
episode 1120,,0.0
episode_1121,0.012000000178813934,
episode 1121,,0.0
episode_1122,0.013000000193715095,
episode 1122,,0.10000000149011612
episode_1123,0.013000000193715095,
episode 1123,,0.0
episode_1124,0.013000000193715095,
episode 1124,,0.0
episode_1125,0.013000000193715095,
episode 1125,,0.0
episode_1126,0.013000000193715095,
episode 1126,,0.0
episode_1127,0.013000000193715095,
episode 1127,,0.0
episode_1128,0.013000000193715095,
episode 1128,,0.0
episode_1129,0.012000000178813934,
episode 1129,,0.0
episode_1130,0.011000000163912773,
episode 1130,,0.0
episode_1131,0.011000000163912773,
episode 1131,,0.0
episode_1132,0.011000000163912773,
episode 1132,,0.0
episode_1133,0.011000000163912773,
episode 1133,,0.0
episode_1134,0.011000000163912773,
episode 1134,,0.0
episode_1135,0.011000000163912773,
episode 1135,,0.0
episode_1136,0.011000000163912773,
episode 1136,,0.0
episode_1137,0.011000000163912773,
episode 1137,,0.0
episode_1138,0.011000000163912773,
episode 1138,,0.0
episode_1139,0.011000000163912773,
episode 1139,,0.0
episode_1140,0.011000000163912773,
episode 1140,,0.0
episode_1141,0.011000000163912773,
episode 1141,,0.0
episode_1142,0.011000000163912773,
episode 1142,,0.0
episode_1143,0.010000000149011612,
episode 1143,,0.0
episode_1144,0.010000000149011612,
episode 1144,,0.0
episode_1145,0.009000000134110451,
episode 1145,,0.0
episode_1146,0.009000000134110451,
episode 1146,,0.0
episode_1147,0.009000000134110451,
episode 1147,,0.0
episode_1148,0.009000000134110451,
episode 1148,,0.0
episode_1149,0.009000000134110451,
episode 1149,,0.0
episode_1150,0.009000000134110451,
episode 1150,,0.0
episode_1151,0.00800000011920929,
episode 1151,,0.0
episode_1152,0.009000000134110451,
episode 1152,,0.10000000149011612
episode_1153,0.009000000134110451,
episode 1153,,0.0
episode_1154,0.00800000011920929,
episode 1154,,0.0
episode_1155,0.00800000011920929,
episode 1155,,0.0
episode_1156,0.00800000011920929,
episode 1156,,0.0
episode_1157,0.00800000011920929,
episode 1157,,0.0
episode_1158,0.00800000011920929,
episode 1158,,0.0
episode_1159,0.00800000011920929,
episode 1159,,0.0
episode_1160,0.00800000011920929,
episode 1160,,0.0
episode_1161,0.00800000011920929,
episode 1161,,0.0
episode_1162,0.00800000011920929,
episode 1162,,0.0
episode_1163,0.00800000011920929,
episode 1163,,0.0
episode_1164,0.00800000011920929,
episode 1164,,0.0
episode_1165,0.00800000011920929,
episode 1165,,0.0
episode_1166,0.00800000011920929,
episode 1166,,0.0
episode_1167,0.00800000011920929,
episode 1167,,0.0
episode_1168,0.00800000011920929,
episode 1168,,0.0
episode_1169,0.00800000011920929,
episode 1169,,0.0
episode_1170,0.007000000104308128,
episode 1170,,0.0
episode_1171,0.007000000104308128,
episode 1171,,0.0
episode_1172,0.007000000104308128,
episode 1172,,0.0
episode_1173,0.007000000104308128,
episode 1173,,0.0
episode_1174,0.00800000011920929,
episode 1174,,0.10000000149011612
episode_1175,0.007000000104308128,
episode 1175,,0.0
episode_1176,0.007000000104308128,
episode 1176,,0.0
episode_1177,0.007000000104308128,
episode 1177,,0.0
episode_1178,0.007000000104308128,
episode 1178,,0.0
episode_1179,0.007000000104308128,
episode 1179,,0.0
episode_1180,0.006000000089406967,
episode 1180,,0.0
episode_1181,0.006000000089406967,
episode 1181,,0.0
episode_1182,0.006000000089406967,
episode 1182,,0.0
episode_1183,0.006000000089406967,
episode 1183,,0.0
episode_1184,0.006000000089406967,
episode 1184,,0.0
episode_1185,0.006000000089406967,
episode 1185,,0.0
episode_1186,0.006000000089406967,
episode 1186,,0.0
episode_1187,0.005000000074505806,
episode 1187,,0.0
episode_1188,0.005000000074505806,
episode 1188,,0.0
episode_1189,0.005000000074505806,
episode 1189,,0.0
episode_1190,0.006000000089406967,
episode 1190,,0.10000000149011612
episode_1191,0.006000000089406967,
episode 1191,,0.0
episode_1192,0.006000000089406967,
episode 1192,,0.0
episode_1193,0.006000000089406967,
episode 1193,,0.0
episode_1194,0.007000000104308128,
episode 1194,,0.10000000149011612
episode_1195,0.00800000011920929,
episode 1195,,0.10000000149011612
episode_1196,0.00800000011920929,
episode 1196,,0.0
episode_1197,0.00800000011920929,
episode 1197,,0.0
episode_1198,0.00800000011920929,
episode 1198,,0.0
episode_1199,0.00800000011920929,
episode 1199,,0.0
episode_1200,0.00800000011920929,
episode 1200,,0.0
episode_1201,0.00800000011920929,
episode 1201,,0.0
episode_1202,0.00800000011920929,
episode 1202,,0.0
episode_1203,0.00800000011920929,
episode 1203,,0.0
episode_1204,0.007000000104308128,
episode 1204,,0.0
episode_1205,0.007000000104308128,
episode 1205,,0.0
episode_1206,0.007000000104308128,
episode 1206,,0.0
episode_1207,0.007000000104308128,
episode 1207,,0.0
episode_1208,0.007000000104308128,
episode 1208,,0.0
episode_1209,0.00800000011920929,
episode 1209,,0.10000000149011612
episode_1210,0.00800000011920929,
episode 1210,,0.0
episode_1211,0.00800000011920929,
episode 1211,,0.0
episode_1212,0.00800000011920929,
episode 1212,,0.0
episode_1213,0.00800000011920929,
episode 1213,,0.0
episode_1214,0.007000000104308128,
episode 1214,,0.0
episode_1215,0.007000000104308128,
episode 1215,,0.0
episode_1216,0.007000000104308128,
episode 1216,,0.0
episode_1217,0.007000000104308128,
episode 1217,,0.0
episode_1218,0.007000000104308128,
episode 1218,,0.0
episode_1219,0.007000000104308128,
episode 1219,,0.0
episode_1220,0.007000000104308128,
episode 1220,,0.0
episode_1221,0.00800000011920929,
episode 1221,,0.10000000149011612
episode_1222,0.007000000104308128,
episode 1222,,0.0
episode_1223,0.007000000104308128,
episode 1223,,0.0
episode_1224,0.00800000011920929,
episode 1224,,0.10000000149011612
episode_1225,0.00800000011920929,
episode 1225,,0.0
episode_1226,0.00800000011920929,
episode 1226,,0.0
episode_1227,0.00800000011920929,
episode 1227,,0.0
episode_1228,0.00800000011920929,
episode 1228,,0.0
episode_1229,0.00800000011920929,
episode 1229,,0.0
episode_1230,0.00800000011920929,
episode 1230,,0.0
episode_1231,0.00800000011920929,
episode 1231,,0.0
episode_1232,0.00800000011920929,
episode 1232,,0.0
episode_1233,0.009000000134110451,
episode 1233,,0.10000000149011612
episode_1234,0.009000000134110451,
episode 1234,,0.0
episode_1235,0.009000000134110451,
episode 1235,,0.0
episode_1236,0.009000000134110451,
episode 1236,,0.0
episode_1237,0.009000000134110451,
episode 1237,,0.0
episode_1238,0.009000000134110451,
episode 1238,,0.0
episode_1239,0.009000000134110451,
episode 1239,,0.0
episode_1240,0.009000000134110451,
episode 1240,,0.0
episode_1241,0.009000000134110451,
episode 1241,,0.0
episode_1242,0.009000000134110451,
episode 1242,,0.0
episode_1243,0.009000000134110451,
episode 1243,,0.0
episode_1244,0.009000000134110451,
episode 1244,,0.0
episode_1245,0.010000000149011612,
episode 1245,,0.10000000149011612
episode_1246,0.011000000163912773,
episode 1246,,0.10000000149011612
episode_1247,0.011000000163912773,
episode 1247,,0.0
episode_1248,0.011000000163912773,
episode 1248,,0.0
episode_1249,0.011000000163912773,
episode 1249,,0.0
episode_1250,0.011000000163912773,
episode 1250,,0.0
episode_1251,0.011000000163912773,
episode 1251,,0.0
episode_1252,0.010000000149011612,
episode 1252,,0.0
episode_1253,0.010000000149011612,
episode 1253,,0.0
episode_1254,0.010000000149011612,
episode 1254,,0.0
episode_1255,0.011000000163912773,
episode 1255,,0.10000000149011612
episode_1256,0.011000000163912773,
episode 1256,,0.0
episode_1257,0.011000000163912773,
episode 1257,,0.0
episode_1258,0.011000000163912773,
episode 1258,,0.0
episode_1259,0.011000000163912773,
episode 1259,,0.0
episode_1260,0.011000000163912773,
episode 1260,,0.0
episode_1261,0.012000000178813934,
episode 1261,,0.10000000149011612
episode_1262,0.012000000178813934,
episode 1262,,0.0
episode_1263,0.012000000178813934,
episode 1263,,0.0
episode_1264,0.012000000178813934,
episode 1264,,0.0
episode_1265,0.012000000178813934,
episode 1265,,0.0
episode_1266,0.012000000178813934,
episode 1266,,0.0
episode_1267,0.012000000178813934,
episode 1267,,0.0
episode_1268,0.012000000178813934,
episode 1268,,0.0
episode_1269,0.012000000178813934,
episode 1269,,0.0
episode_1270,0.012000000178813934,
episode 1270,,0.0
episode_1271,0.013000000193715095,
episode 1271,,0.10000000149011612
episode_1272,0.013000000193715095,
episode 1272,,0.0
episode_1273,0.013000000193715095,
episode 1273,,0.0
episode_1274,0.012000000178813934,
episode 1274,,0.0
episode_1275,0.012000000178813934,
episode 1275,,0.0
episode_1276,0.013000000193715095,
episode 1276,,0.10000000149011612
episode_1277,0.013000000193715095,
episode 1277,,0.0
episode_1278,0.013000000193715095,
episode 1278,,0.0
episode_1279,0.013000000193715095,
episode 1279,,0.0
episode_1280,0.013000000193715095,
episode 1280,,0.0
episode_1281,0.013000000193715095,
episode 1281,,0.0
episode_1282,0.013000000193715095,
episode 1282,,0.0
episode_1283,0.013000000193715095,
episode 1283,,0.0
episode_1284,0.014000000208616257,
episode 1284,,0.10000000149011612
episode_1285,0.014000000208616257,
episode 1285,,0.0
episode_1286,0.014000000208616257,
episode 1286,,0.0
episode_1287,0.014000000208616257,
episode 1287,,0.0
episode_1288,0.014000000208616257,
episode 1288,,0.0
episode_1289,0.014000000208616257,
episode 1289,,0.0
episode_1290,0.013000000193715095,
episode 1290,,0.0
episode_1291,0.013000000193715095,
episode 1291,,0.0
episode_1292,0.013000000193715095,
episode 1292,,0.0
episode_1293,0.013000000193715095,
episode 1293,,0.0
episode_1294,0.012000000178813934,
episode 1294,,0.0
episode_1295,0.011000000163912773,
episode 1295,,0.0
episode_1296,0.011000000163912773,
episode 1296,,0.0
episode_1297,0.011000000163912773,
episode 1297,,0.0
episode_1298,0.012000000178813934,
episode 1298,,0.10000000149011612
episode_1299,0.012000000178813934,
episode 1299,,0.0
episode_1300,0.012000000178813934,
episode 1300,,0.0
episode_1301,0.012000000178813934,
episode 1301,,0.0
episode_1302,0.012000000178813934,
episode 1302,,0.0
episode_1303,0.012000000178813934,
episode 1303,,0.0
episode_1304,0.012000000178813934,
episode 1304,,0.0
episode_1305,0.012000000178813934,
episode 1305,,0.0
episode_1306,0.012000000178813934,
episode 1306,,0.0
episode_1307,0.012000000178813934,
episode 1307,,0.0
episode_1308,0.012000000178813934,
episode 1308,,0.0
episode_1309,0.011000000163912773,
episode 1309,,0.0
episode_1310,0.011000000163912773,
episode 1310,,0.0
episode_1311,0.011000000163912773,
episode 1311,,0.0
episode_1312,0.011000000163912773,
episode 1312,,0.0
episode_1313,0.011000000163912773,
episode 1313,,0.0
episode_1314,0.011000000163912773,
episode 1314,,0.0
episode_1315,0.011000000163912773,
episode 1315,,0.0
episode_1316,0.011000000163912773,
episode 1316,,0.0
episode_1317,0.011000000163912773,
episode 1317,,0.0
episode_1318,0.011000000163912773,
episode 1318,,0.0
episode_1319,0.011000000163912773,
episode 1319,,0.0
episode_1320,0.011000000163912773,
episode 1320,,0.0
episode_1321,0.010000000149011612,
episode 1321,,0.0
episode_1322,0.010000000149011612,
episode 1322,,0.0
episode_1323,0.010000000149011612,
episode 1323,,0.0
episode_1324,0.009000000134110451,
episode 1324,,0.0
episode_1325,0.009000000134110451,
episode 1325,,0.0
episode_1326,0.009000000134110451,
episode 1326,,0.0
episode_1327,0.010000000149011612,
episode 1327,,0.10000000149011612
episode_1328,0.010000000149011612,
episode 1328,,0.0
episode_1329,0.010000000149011612,
episode 1329,,0.0
episode_1330,0.010000000149011612,
episode 1330,,0.0
episode_1331,0.010000000149011612,
episode 1331,,0.0
episode_1332,0.010000000149011612,
episode 1332,,0.0
episode_1333,0.009000000134110451,
episode 1333,,0.0
episode_1334,0.009000000134110451,
episode 1334,,0.0
episode_1335,0.009000000134110451,
episode 1335,,0.0
